id	conversation_id	created_at	date	time	timezone	user_id	username	name	place	tweet	language	mentions	urls	photos	replies_count	retweets_count	likes_count	hashtags	cashtags	link	retweet	quote_url	video	thumbnail	near	geo	source	user_rt_id	user_rt	retweet_id	reply_to	retweet_date	translate	trans_src	trans_dest
1403240595582111744	1403240595582111744	2021-06-11 14:40:03 CST	2021-06-11	14:40:03	+0800	44196397	elonmusk	Elon Musk		Plaid release event  https://t.co/TxIHXnuw9A	en	[]	['https://m.youtube.com/watch?v=kUmkbzQ-BS0&feature=youtu.be']	[]	3552	2367	23181	[]	[]	https://twitter.com/elonmusk/status/1403240595582111744	False	0	0								[]				
1403212326199644166	1403211775760224257	2021-06-11 12:47:43 CST	2021-06-11	12:47:43	+0800	44196397	elonmusk	Elon Musk		Most amount of fun on 4 wheels! Pure joy on tap whenever u want.	en	[]	[]	[]	2327	1269	26229	[]	[]	https://twitter.com/elonmusk/status/1403212326199644166	False	0	0								[]				
1403211775760224257	1403211775760224257	2021-06-11 12:45:32 CST	2021-06-11	12:45:32	+0800	44196397	elonmusk	Elon Musk		Order Tesla Model S Plaid at  https://t.co/LuUhICqQEI	ca	[]	['http://Tesla.com/S']	[]	6598	3969	48041	[]	[]	https://twitter.com/elonmusk/status/1403211775760224257	False	0	0								[]				
1403210213272870917	1403203520870948865	2021-06-11 12:39:19 CST	2021-06-11	12:39:19	+0800	44196397	elonmusk	Elon Musk		@RationalEtienne @lexfridman @woodhaus2 Haha	tl	[]	[]	[]	257	77	1639	[]	[]	https://twitter.com/elonmusk/status/1403210213272870917	False	0	0								[{'screen_name': 'RationalEtienne', 'name': 'Pope of Muskanity', 'id': '2241150253'}, {'screen_name': 'lexfridman', 'name': 'Lex Fridman', 'id': '427089628'}, {'screen_name': 'woodhaus2', 'name': 'Franz von Holzhausen', 'id': '55769345'}]				
1403210112571887626	1403203520870948865	2021-06-11 12:38:55 CST	2021-06-11	12:38:55	+0800	44196397	elonmusk	Elon Musk		@OwenSparks_ @lexfridman I love the yoke!	en	[]	[]	[]	235	128	2309	[]	[]	https://twitter.com/elonmusk/status/1403210112571887626	False	0	0								[{'screen_name': 'OwenSparks_', 'name': 'Owen Sparks üåé', 'id': '829829626180599808'}, {'screen_name': 'lexfridman', 'name': 'Lex Fridman', 'id': '427089628'}]				
1403207480902041605	1403203520870948865	2021-06-11 12:28:28 CST	2021-06-11	12:28:28	+0800	44196397	elonmusk	Elon Musk		@lexfridman Tesla engineering is awesome!	en	[]	[]	[]	1477	1421	33975	[]	[]	https://twitter.com/elonmusk/status/1403207480902041605	False	0	0								[{'screen_name': 'lexfridman', 'name': 'Lex Fridman', 'id': '427089628'}]				
1403101486905626624	1403101286065713155	2021-06-11 05:27:17 CST	2021-06-11	05:27:17	+0800	44196397	elonmusk	Elon Musk		@TeslaNY @LVCVA People like it!	en	[]	[]	[]	668	460	5952	[]	[]	https://twitter.com/elonmusk/status/1403101486905626624	False	0	0								[{'screen_name': 'TeslaNY', 'name': 'Tesla New York', 'id': '1374059611'}, {'screen_name': 'LVCVA', 'name': 'Vegas Means Business', 'id': '18359909'}]				
1403097988679884800	1403071544738385925	2021-06-11 05:13:23 CST	2021-06-11	05:13:23	+0800	44196397	elonmusk	Elon Musk		@Adamklotz_ @BryceSpaceTech Starlink missions will move to Starship	en	[]	[]	[]	306	363	3827	[]	[]	https://twitter.com/elonmusk/status/1403097988679884800	False	0	0								[{'screen_name': 'Adamklotz_', 'name': 'Adam Klotz', 'id': '836334176517357569'}, {'screen_name': 'BryceSpaceTech', 'name': 'BryceTech', 'id': '1278436310'}]				
1403074138961367041	1403071544738385925	2021-06-11 03:38:37 CST	2021-06-11	03:38:37	+0800	44196397	elonmusk	Elon Musk		@BryceSpaceTech Useful mass to orbit is the primary figure of merit	en	[]	[]	[]	567	334	4927	[]	[]	https://twitter.com/elonmusk/status/1403074138961367041	False	0	0								[{'screen_name': 'BryceSpaceTech', 'name': 'BryceTech', 'id': '1278436310'}]				
1402821269242793985	1402394650787319808	2021-06-10 10:53:48 CST	2021-06-10	10:53:48	+0800	44196397	elonmusk	Elon Musk		@squawksquare @FredericLambert  https://t.co/mGmRXu0gKy	und	[]	[]	['https://pbs.twimg.com/media/E3fSgoSVUAYpDPm.jpg']	746	811	8658	[]	[]	https://twitter.com/elonmusk/status/1402821269242793985	False	0	1	https://pbs.twimg.com/media/E3fSgoSVUAYpDPm.jpg							[{'screen_name': 'squawksquare', 'name': 'squawksquare', 'id': '930773590227718144'}]				
1402770491211804672	1402516530902962187	2021-06-10 07:32:01 CST	2021-06-10	07:32:01	+0800	44196397	elonmusk	Elon Musk		@teslaownersSV Exactly	en	[]	[]	[]	946	681	14366	[]	[]	https://twitter.com/elonmusk/status/1402770491211804672	False	0	0								[{'screen_name': 'teslaownersSV', 'name': 'Tesla Owners of Silicon Valley', 'id': '1016059981907386368'}]				
1402719056508059649	1402717105074675717	2021-06-10 04:07:38 CST	2021-06-10	04:07:38	+0800	44196397	elonmusk	Elon Musk		@dogeofficialceo @MattWallace888 Now that I have made some improvements, I‚Äôm pretty sure it‚Äôs worth $69k haha	en	[]	[]	[]	1096	1441	11459	[]	[]	https://twitter.com/elonmusk/status/1402719056508059649	False	0	0								[{'screen_name': 'dogeofficialceo', 'name': 'Sir Doge of the Coin üê∂ü¶†', 'id': '1355945100216573952'}, {'screen_name': 'MattWallace888', 'name': 'Matt Wallace ‚ö†Ô∏è', 'id': '805532293951606785'}]				
1402718368633745410	1402717105074675717	2021-06-10 04:04:54 CST	2021-06-10	04:04:54	+0800	44196397	elonmusk	Elon Musk		@MattWallace888 My primary home is literally a ~$50k house in Boca Chica / Starbase that I rent from SpaceX. It‚Äôs kinda awesome though.  Only house I own is the events house in the Bay Area. If I sold it, the house would see less use, unless bought by a big family, which might happen some day.	en	[]	[]	[]	1560	1742	16966	[]	[]	https://twitter.com/elonmusk/status/1402718368633745410	False	0	0								[{'screen_name': 'MattWallace888', 'name': 'Matt Wallace ‚ö†Ô∏è', 'id': '805532293951606785'}]				
1402689914836197376	1402669179518345222	2021-06-10 02:11:51 CST	2021-06-10	02:11:51	+0800	44196397	elonmusk	Elon Musk		@leastImAlive @PPathole Yeah, sold my houses, except for 1 in Bay Area that‚Äôs rented out for events.   Working on sustainable energy for Earth with Tesla &amp; protecting future of consciousness by making life multiplanetary with SpaceX. Also, AI risk mitigation with Neuralink &amp; fixing traffic with Boring.	en	[]	[]	[]	1438	1792	13340	[]	[]	https://twitter.com/elonmusk/status/1402689914836197376	False	0	0								[{'screen_name': 'leastImAlive', 'name': 'PopulationPaste', 'id': '757871065'}, {'screen_name': 'PPathole', 'name': 'Pranay Pathole', 'id': '1291945442'}]				
1402686934900633607	1402669179518345222	2021-06-10 02:00:00 CST	2021-06-10	02:00:00	+0800	44196397	elonmusk	Elon Musk		@PPathole Exactly. Only time I sell Tesla stock is when my stock options are expiring &amp; I have no choice.   Btw, I will continue to pay income taxes in California proportionate to my time in state, which is &amp; will be significant.	en	[]	[]	[]	328	524	4399	[]	[]	https://twitter.com/elonmusk/status/1402686934900633607	False	0	0								[{'screen_name': 'PPathole', 'name': 'Pranay Pathole', 'id': '1291945442'}]				
1402683062773686274	1402394650787319808	2021-06-10 01:44:37 CST	2021-06-10	01:44:37	+0800	44196397	elonmusk	Elon Musk		@squawksquare @FredericLambert Not even a good fake anonymous ‚ÄúThe article is behind a paywall, and it looks like Anonymous‚Äô hacking skills are not enough to get behind it ‚Äú ü§£ü§£	en	[]	[]	[]	837	1078	10893	[]	[]	https://twitter.com/elonmusk/status/1402683062773686274	False	0	0								[{'screen_name': 'squawksquare', 'name': 'squawksquare', 'id': '930773590227718144'}, {'screen_name': 'FredericLambert', 'name': 'Fred Lambert', 'id': '38253449'}]				
1402682323141763073	1402679487712665602	2021-06-10 01:41:41 CST	2021-06-10	01:41:41	+0800	44196397	elonmusk	Elon Musk		@Teslarati Tesla Europe team is doing great!	en	[]	[]	[]	671	850	11869	[]	[]	https://twitter.com/elonmusk/status/1402682323141763073	False	0	0								[{'screen_name': 'Teslarati', 'name': 'TESLARATI', 'id': '1308211178'}]				
1402488000056115201	1402425206379974656	2021-06-09 12:49:30 CST	2021-06-09	12:49:30	+0800	44196397	elonmusk	Elon Musk		@Atomstrawberry @Seemeonlan @Geiser_Rules @HardcoreHistory @reeehp Just donated	en	[]	[]	[]	801	502	5722	[]	[]	https://twitter.com/elonmusk/status/1402488000056115201	False	0	0								[{'screen_name': 'Atomstrawberry', 'name': 'NegativeZero', 'id': '317658862'}, {'screen_name': 'Seemeonlan', 'name': 'Ky', 'id': '849098552'}, {'screen_name': 'Geiser_Rules', 'name': 'TGeiser üá≤üáΩ~üá∫üá∏', 'id': '818664923874082816'}, {'screen_name': 'HardcoreHistory', 'name': 'Dan Carlin', 'id': '20972371'}, {'screen_name': 'reeehp', 'name': 'üöúüöúüöú', 'id': '23360746'}]				
1402025921360674819	1402016534336196620	2021-06-08 06:13:22 CST	2021-06-08	06:13:22	+0800	44196397	elonmusk	Elon Musk		@heydave7 Well said, Dave!	en	[]	[]	[]	1330	1046	16976	[]	[]	https://twitter.com/elonmusk/status/1402025921360674819	False	0	0								[{'screen_name': 'heydave7', 'name': 'Dave Lee', 'id': '29893444'}]				
1402022177667440641	1401988398169083905	2021-06-08 05:58:30 CST	2021-06-08	05:58:30	+0800	44196397	elonmusk	Elon Musk		@CJ_NFA @WholeMarsBlog @WR4NYGov @Teslarati @stevenmarkryan @28delayslater @garyblack00 @GerberKawasaki @JosephVVallace @SawyerMerritt ü§£ü§£	und	[]	[]	[]	749	549	9122	[]	[]	https://twitter.com/elonmusk/status/1402022177667440641	False	0	0								[{'screen_name': 'CJ_NFA', 'name': 'Not Financial Advice', 'id': '811747551166791680'}, {'screen_name': 'WholeMarsBlog', 'name': 'Whole Mars Catalog', 'id': '1263491240336769026'}, {'screen_name': 'WR4NYGov', 'name': 'Warren Redlich üöÄ ‚ö°üöó üîã üöá üß† Critical Enthusiasm', 'id': '108365454'}, {'screen_name': 'Teslarati', 'name': 'TESLARATI', 'id': '1308211178'}, {'screen_name': 'stevenmarkryan', 'name': 'stevenmarkryan', 'id': '31263848'}, {'screen_name': '28delayslater', 'name': 'üê∂Earl of Frunkpuppyüê∂', 'id': '998140573008695296'}, {'screen_name': 'garyblack00', 'name': 'Gary Black', 'id': '1161703589942878208'}, {'screen_name': 'GerberKawasaki', 'name': 'Ross Gerber', 'id': '349249475'}, {'screen_name': 'JosephVVallace', 'name': 'Tesla STONK üíéüôå: Crypto KING of OC:', 'id': '1197431140438593536'}, {'screen_name': 'SawyerMerritt', 'name': 'Sawyer Merritt üìàüöÄ', 'id': '243013409'}]				
1402004955591069698	1401971900461424666	2021-06-08 04:50:04 CST	2021-06-08	04:50:04	+0800	44196397	elonmusk	Elon Musk		@Teslaconomics The long-term strength of Tesla will be manufacturing technology	en	[]	[]	[]	1102	1378	17781	[]	[]	https://twitter.com/elonmusk/status/1402004955591069698	False	0	0								[{'screen_name': 'Teslaconomics', 'name': 'Teslaconomics', 'id': '985243593538338816'}]				
1401992601222406148	1401992601222406148	2021-06-08 04:00:58 CST	2021-06-08	04:00:58	+0800	44196397	elonmusk	Elon Musk		RT @Tesla: Model S Plaid delivery event at our Fremont factory will be streamed live on June 10, 7pm Pacific  https://t.co/V7c77ySFti	en	[{'screen_name': 'tesla', 'name': 'tesla', 'id': '13298072'}]	[]	['https://pbs.twimg.com/media/E3TgUX9WUAIOgwt.jpg']	0	6754	0	[]	[]	https://twitter.com/elonmusk/status/1401992601222406148	True	0	1	https://pbs.twimg.com/media/E3TgUX9WUAIOgwt.jpg				13298072	Model S Plaid delivery event at our Fremont factory will be streamed live on June 10, 7pm Pacific https://t.co/V7c77ySFti	1401992031073886212	[]	2021-06-08 03:58:42 CST			
1401751762034479104	1401700990546583564	2021-06-07 12:03:58 CST	2021-06-07	12:03:58	+0800	44196397	elonmusk	Elon Musk		@MattWallace888 Wow, thanks!	en	[]	[]	[]	1559	2191	18947	[]	[]	https://twitter.com/elonmusk/status/1401751762034479104	False	0	0								[{'screen_name': 'MattWallace888', 'name': 'Matt Wallace ‚ö†Ô∏è', 'id': '805532293951606785'}]				
1401748754974248961	1401709612382961664	2021-06-07 11:52:01 CST	2021-06-07	11:52:01	+0800	44196397	elonmusk	Elon Musk		@LloydOstertagg @SpaceX Thanks Lloyd!	en	[]	[]	[]	551	989	10317	[]	[]	https://twitter.com/elonmusk/status/1401748754974248961	False	0	0								[{'screen_name': 'LloydOstertagg', 'name': 'Lloyd Ostertag', 'id': '1092136515659018240'}, {'screen_name': 'SpaceX', 'name': 'SpaceX', 'id': '34743251'}]				
1401719876515946498	1401704468064964610	2021-06-07 09:57:15 CST	2021-06-07	09:57:15	+0800	44196397	elonmusk	Elon Musk		@OwenSparks_ üíï	und	[]	[]	[]	844	1142	14469	[]	[]	https://twitter.com/elonmusk/status/1401719876515946498	False	0	0								[{'screen_name': 'OwenSparks_', 'name': 'Owen Sparks üåé', 'id': '829829626180599808'}]				
1401663113657827328	1401373644018925568	2021-06-07 06:11:42 CST	2021-06-07	06:11:42	+0800	44196397	elonmusk	Elon Musk		@itsALLrisky ü§£ü§£	und	[]	[]	[]	740	1117	14420	[]	[]	https://twitter.com/elonmusk/status/1401663113657827328	False	0	0								[{'screen_name': 'itsALLrisky', 'name': 'üí∏üí∏üí∏', 'id': '1061349266545885185'}]				
1401662959923994625	1401449106069987330	2021-06-07 06:11:05 CST	2021-06-07	06:11:05	+0800	44196397	elonmusk	Elon Musk		@BTCTN A new space race has begun!	en	[]	[]	[]	2472	3462	23785	[]	[]	https://twitter.com/elonmusk/status/1401662959923994625	False	0	0								[{'screen_name': 'BTCTN', 'name': 'Bitcoin News', 'id': '3367334171'}]				
1401642435755790341	1401641347040284679	2021-06-07 04:49:32 CST	2021-06-07	04:49:32	+0800	44196397	elonmusk	Elon Musk		@ModelYendofICE At the annual shareholder meeting! Probably late July / early August.	en	[]	[]	[]	316	346	6118	[]	[]	https://twitter.com/elonmusk/status/1401642435755790341	False	0	0								[{'screen_name': 'ModelYendofICE', 'name': 'Model Y - End of the ICE age', 'id': '964873845663522816'}]				
1401642134583791624	1401641347040284679	2021-06-07 04:48:20 CST	2021-06-07	04:48:20	+0800	44196397	elonmusk	Elon Musk		0 to 60mph in under 2 secs. Quickest production car ever made of any kind. Has to be felt to be believed.	en	[]	[]	[]	5929	5853	111327	[]	[]	https://twitter.com/elonmusk/status/1401642134583791624	False	0	0								[]				
1401641625500229632	1401641347040284679	2021-06-07 04:46:19 CST	2021-06-07	04:46:19	+0800	44196397	elonmusk	Elon Musk		Plaid+ is canceled. No need, as Plaid is just so good.	en	[]	[]	[]	3918	3058	74982	[]	[]	https://twitter.com/elonmusk/status/1401641625500229632	False	0	0								[]				
1401641347040284679	1401641347040284679	2021-06-07 04:45:13 CST	2021-06-07	04:45:13	+0800	44196397	elonmusk	Elon Musk		Model S goes to Plaid speed this week	en	[]	[]	[]	13038	7406	142626	[]	[]	https://twitter.com/elonmusk/status/1401641347040284679	False	0	0								[]				
1401640492492890116	1401538881242091534	2021-06-07 04:41:49 CST	2021-06-07	04:41:49	+0800	44196397	elonmusk	Elon Musk		@WatchersTank @BillyM2k VIC-20 with 8KB memory	en	[]	[]	[]	280	188	3680	[]	[]	https://twitter.com/elonmusk/status/1401640492492890116	False	0	0								[{'screen_name': 'WatchersTank', 'name': 'TankWatchers', 'id': '1352212034704846848'}, {'screen_name': 'BillyM2k', 'name': 'Shibetoshi Nakamoto', 'id': '30699048'}]				
1401635497722716168	1401538881242091534	2021-06-07 04:21:58 CST	2021-06-07	04:21:58	+0800	44196397	elonmusk	Elon Musk		@KennyLoaded @BillyM2k Some engineers I worked with went on to help create WoW, but it was too addicting. Couldn‚Äôt afford the time (sigh).	en	[]	[]	[]	438	413	6988	[]	[]	https://twitter.com/elonmusk/status/1401635497722716168	False	0	0								[{'screen_name': 'KennyLoaded', 'name': 'Kenny', 'id': '252806189'}, {'screen_name': 'BillyM2k', 'name': 'Shibetoshi Nakamoto', 'id': '30699048'}]				
1401634961250209795	1401538881242091534	2021-06-07 04:19:50 CST	2021-06-07	04:19:50	+0800	44196397	elonmusk	Elon Musk		@BillyM2k Tbh, I was into PC &amp; still into PC	en	[]	[]	[]	1214	839	10004	[]	[]	https://twitter.com/elonmusk/status/1401634961250209795	False	0	0								[{'screen_name': 'BillyM2k', 'name': 'Shibetoshi Nakamoto', 'id': '30699048'}]				
1401621271943815169	1401617562186571781	2021-06-07 03:25:26 CST	2021-06-07	03:25:26	+0800	44196397	elonmusk	Elon Musk		@WholeMarsBlog One more production release of pure vision this week, then FSD beta 9 a week or two later. V9.0 FSD is also pure vision. Foundational improvements are immense.	en	[]	[]	[]	563	525	5437	[]	[]	https://twitter.com/elonmusk/status/1401621271943815169	False	0	0								[{'screen_name': 'WholeMarsBlog', 'name': 'Whole Mars Catalog', 'id': '1263491240336769026'}]				
1401498679341690882	1401493801131298816	2021-06-06 19:18:18 CST	2021-06-06	19:18:18	+0800	44196397	elonmusk	Elon Musk		@LarsEdelmann1 @Jamie_ORourke @Tesla Maybe	en	[]	[]	[]	384	131	3846	[]	[]	https://twitter.com/elonmusk/status/1401498679341690882	False	0	0								"[{'screen_name': 'LarsEdelmann1', 'name': 'Lars', 'id': '839197416700116992'}, {'screen_name': 'Jamie_ORourke', 'name': ""Jamie O'Rourke"", 'id': '19675541'}, {'screen_name': 'Tesla', 'name': 'Tesla', 'id': '13298072'}]"				
1401496959123341315	1401493801131298816	2021-06-06 19:11:28 CST	2021-06-06	19:11:28	+0800	44196397	elonmusk	Elon Musk		@Jamie_ORourke I do like to cause a little mischief	en	[]	[]	[]	1504	976	16711	[]	[]	https://twitter.com/elonmusk/status/1401496959123341315	False	0	0								"[{'screen_name': 'Jamie_ORourke', 'name': ""Jamie O'Rourke"", 'id': '19675541'}]"				
1401496033264377860	1401496033264377860	2021-06-06 19:07:47 CST	2021-06-06	19:07:47	+0800	44196397	elonmusk	Elon Musk		 https://t.co/anHPlBpGza	und	[]	[]	['https://pbs.twimg.com/media/E3MdNmDXMAoWEke.jpg']	12783	20522	303753	[]	[]	https://twitter.com/elonmusk/status/1401496033264377860	False	0	1	https://pbs.twimg.com/media/E3MdNmDXMAoWEke.jpg							[]				
1401494861451309058	1400953081311875072	2021-06-06 19:03:08 CST	2021-06-06	19:03:08	+0800	44196397	elonmusk	Elon Musk		@PPathole @hag7447 He will perhaps have a baby soon	en	[]	[]	[]	320	221	4272	[]	[]	https://twitter.com/elonmusk/status/1401494861451309058	False	0	0								[{'screen_name': 'PPathole', 'name': 'Pranay Pathole', 'id': '1291945442'}, {'screen_name': 'hag7447', 'name': 'hugo gonzalez', 'id': '2392734559'}]				
1401493801131298816	1401493801131298816	2021-06-06 18:58:55 CST	2021-06-06	18:58:55	+0800	44196397	elonmusk	Elon Musk		 https://t.co/zuW2EWMH34	und	[]	[]	['https://pbs.twimg.com/media/E3MbLxHX0AAmQNx.jpg']	11961	19841	261948	[]	[]	https://twitter.com/elonmusk/status/1401493801131298816	False	0	1	https://pbs.twimg.com/media/E3MbLxHX0AAmQNx.jpg							[]				
1401490554396024834	1401416050051227654	2021-06-06 18:46:01 CST	2021-06-06	18:46:01	+0800	44196397	elonmusk	Elon Musk		@teslaownersSV The operating costs of a Tesla are also much lower than a gasoline cruiser!	en	[]	[]	[]	793	610	10646	[]	[]	https://twitter.com/elonmusk/status/1401490554396024834	False	0	0								[{'screen_name': 'teslaownersSV', 'name': 'Tesla Owners of Silicon Valley', 'id': '1016059981907386368'}]				
1401486279989248001	1400953081311875072	2021-06-06 18:29:02 CST	2021-06-06	18:29:02	+0800	44196397	elonmusk	Elon Musk		@hag7447 ü§£	und	[]	[]	[]	221	109	4792	[]	[]	https://twitter.com/elonmusk/status/1401486279989248001	False	0	0								[{'screen_name': 'hag7447', 'name': 'hugo gonzalez', 'id': '2392734559'}]				
1401457989618446342	1401457989618446342	2021-06-06 16:36:37 CST	2021-06-06	16:36:37	+0800	44196397	elonmusk	Elon Musk		I guess we read the instructions haha	en	[]	[]	[]	5778	4648	78246	[]	[]	https://twitter.com/elonmusk/status/1401457989618446342	False	https://twitter.com/SpaceX/status/1401397317878484992	0								[]				
1401342460543045632	1401342460543045632	2021-06-06 08:57:32 CST	2021-06-06	08:57:32	+0800	44196397	elonmusk	Elon Musk		RT @SpaceX: Falcon 9 and SXM-8 vertical ahead of tomorrow morning‚Äôs launch ‚Üí  https://t.co/bJFjLCzWdK  https://t.co/QG9Woa2dlJ	en	[{'screen_name': 'spacex', 'name': 'spacex', 'id': '34743251'}]	['http://spacex.com/launches']	['https://pbs.twimg.com/media/E3IXVMSXMAAh1BP.jpg']	0	3037	0	[]	[]	https://twitter.com/elonmusk/status/1401342460543045632	True	0	1	https://pbs.twimg.com/media/E3IXVMSXMAAh1BP.jpg				34743251	Falcon 9 and SXM-8 vertical ahead of tomorrow morning‚Äôs launch ‚Üí https://t.co/bJFjLCzWdK https://t.co/QG9Woa2dlJ	1401208699306209280	[]	2021-06-06 00:06:01 CST			
1401342406650478607	1401342406650478607	2021-06-06 08:57:20 CST	2021-06-06	08:57:20	+0800	44196397	elonmusk	Elon Musk		RT @NASA: Contact and capture are confirmed at 5:09am ET. @SpaceX's cargo Dragon has arrived at the @Space_Station, delivering over 7,300 p‚Ä¶	en	[{'screen_name': 'nasa', 'name': 'nasa', 'id': '11348282'}, {'screen_name': 'spacex', 'name': 'spacex', 'id': '34743251'}, {'screen_name': 'space_station', 'name': 'international space station', 'id': '1451773004'}]	[]	[]	0	2331	0	[]	[]	https://twitter.com/elonmusk/status/1401342406650478607	True	0	0					11348282	Contact and capture are confirmed at 5:09am ET. @SpaceX's cargo Dragon has arrived at the @Space_Station, delivering over 7,300 pounds of @ISS_Research, equipment, supplies, and new roll-out solar arrays for the orbiting lab. https://t.co/N9xPNC4Axq	1401104807461625860	[]	2021-06-05 17:13:12 CST			
1401287393228038149	1401287393228038149	2021-06-06 05:18:43 CST	2021-06-06	05:18:43	+0800	44196397	elonmusk	Elon Musk		Don‚Äôt kill what you hate, Save what you love	en	[]	[]	[]	30700	56364	420072	[]	[]	https://twitter.com/elonmusk/status/1401287393228038149	False	0	0								[]				
1401275139598307328	1401272081266974721	2021-06-06 04:30:02 CST	2021-06-06	04:30:02	+0800	44196397	elonmusk	Elon Musk		@RationalEtienne @Jason Fair point. Back to regularly scheduled programming.	en	[]	[]	[]	552	494	6250	[]	[]	https://twitter.com/elonmusk/status/1401275139598307328	False	0	0								[{'screen_name': 'RationalEtienne', 'name': 'Pope of Muskanity', 'id': '2241150253'}, {'screen_name': 'Jason', 'name': 'jason@calacanis.com', 'id': '3840'}]				
1401273008669528066	1401272081266974721	2021-06-06 04:21:34 CST	2021-06-06	04:21:34	+0800	44196397	elonmusk	Elon Musk		@Jason Haha awesome	en	[]	[]	[]	708	1142	9580	[]	[]	https://twitter.com/elonmusk/status/1401273008669528066	False	0	0								[{'screen_name': 'Jason', 'name': 'jason@calacanis.com', 'id': '3840'}]				
1401251430015582209	1401251430015582209	2021-06-06 02:55:49 CST	2021-06-06	02:55:49	+0800	44196397	elonmusk	Elon Musk		Goods &amp; services are the real economy, any form of money is simply the accounting thereof	en	[]	[]	[]	23193	20197	210220	[]	[]	https://twitter.com/elonmusk/status/1401251430015582209	False	0	0								[]				
1401096409428934659	1401096409428934659	2021-06-05 16:39:49 CST	2021-06-05	16:39:49	+0800	44196397	elonmusk	Elon Musk		üí¶üöÄ ‚Äì&gt; üåô	und	[]	[]	[]	58724	29633	307788	[]	[]	https://twitter.com/elonmusk/status/1401096409428934659	False	0	0								[]				
1401091921746006017	1400560049358094340	2021-06-05 16:21:59 CST	2021-06-05	16:21:59	+0800	44196397	elonmusk	Elon Musk		@lexfridman @VitalikButerin @ethereum @Bitcoin @dogecoin @ShibainuCoin @IOHK_Charles @Cardano @chainlink @0xPolygon I pretty much agree with Vitalik	en	[]	[]	[]	2096	3381	24899	[]	[]	https://twitter.com/elonmusk/status/1401091921746006017	False	0	0								[{'screen_name': 'lexfridman', 'name': 'Lex Fridman', 'id': '427089628'}, {'screen_name': 'VitalikButerin', 'name': 'vitalik.eth', 'id': '295218901'}, {'screen_name': 'ethereum', 'name': 'Ethereum', 'id': '2312333412'}, {'screen_name': 'Bitcoin', 'name': 'Bitcoin', 'id': '357312062'}, {'screen_name': 'dogecoin', 'name': 'Dogecoin', 'id': '2235729541'}, {'screen_name': 'ShibainuCoin', 'name': 'Shiba Inu', 'id': '1355918864509509637'}, {'screen_name': 'IOHK_Charles', 'name': 'Charles Hoskinson', 'id': '1376161898'}, {'screen_name': 'Cardano', 'name': 'Cardano Community', 'id': '825920479055671296'}, {'screen_name': 'chainlink', 'name': 'Chainlink - Official Channel', 'id': '1530530365'}, {'screen_name': '0xPolygon', 'name': 'Polygon (previously Matic)', 'id': '914738730740715521'}]				
1401081730832945154	1400620080090730501	2021-06-05 15:41:30 CST	2021-06-05	15:41:30	+0800	44196397	elonmusk	Elon Musk		@CryptoWhale üëÜ	und	[]	[]	[]	1449	889	11295	[]	[]	https://twitter.com/elonmusk/status/1401081730832945154	False	0	0								[{'screen_name': 'CryptoWhale', 'name': 'Mr. Whale', 'id': '234638601'}]				
1401018189534928898	1400993824579588096	2021-06-05 11:29:00 CST	2021-06-05	11:29:00	+0800	44196397	elonmusk	Elon Musk		@Fredilly ‚Ä¶ is a helluva drug ü§£ü§£	en	[]	[]	[]	2054	1522	18243	[]	[]	https://twitter.com/elonmusk/status/1401018189534928898	False	0	0								[{'screen_name': 'Fredilly', 'name': 'Fred E ‚ö°Ô∏è', 'id': '109051038'}]				
1400955498963386373	1400923086736797704	2021-06-05 07:19:54 CST	2021-06-05	07:19:54	+0800	44196397	elonmusk	Elon Musk		@flcnhvy It is	en	[]	[]	[]	691	478	9704	[]	[]	https://twitter.com/elonmusk/status/1400955498963386373	False	0	0								[{'screen_name': 'flcnhvy', 'name': 'Viv', 'id': '1060180551544528897'}]				
1400952904077430784	1400474909051080705	2021-06-05 07:09:35 CST	2021-06-05	07:09:35	+0800	44196397	elonmusk	Elon Musk		@Corpse_Husband @archillect Already have one	en	[]	[]	[]	826	773	39009	[]	[]	https://twitter.com/elonmusk/status/1400952904077430784	False	0	0								[{'screen_name': 'Corpse_Husband', 'name': 'Corpse Husband', 'id': '3409123967'}, {'screen_name': 'archillect', 'name': 'Archillect', 'id': '2907774137'}]				
1400685648001081352	1400620080090730501	2021-06-04 13:27:36 CST	2021-06-04	13:27:36	+0800	44196397	elonmusk	Elon Musk		@ItsDogeCoin @RTHowell Haf yu sin mi danz?	tr	[]	[]	[]	1860	943	10380	[]	[]	https://twitter.com/elonmusk/status/1400685648001081352	False	0	0								[{'screen_name': 'ItsDogeCoin', 'name': 'DogeCoin Movement üöÄ', 'id': '83202218'}, {'screen_name': 'RTHowell', 'name': 'Ryan', 'id': '22577483'}]				
1400678537233899524	1400620080090730501	2021-06-04 12:59:21 CST	2021-06-04	12:59:21	+0800	44196397	elonmusk	Elon Musk		@RTHowell Make up sex is the best tho	en	[]	[]	[]	1178	1081	8801	[]	[]	https://twitter.com/elonmusk/status/1400678537233899524	False	0	0								[{'screen_name': 'RTHowell', 'name': 'Ryan', 'id': '22577483'}]				
1400669726322302976	1400595796794425344	2021-06-04 12:24:20 CST	2021-06-04	12:24:20	+0800	44196397	elonmusk	Elon Musk		@ErcXspace @SpaceX üòç	und	[]	[]	[]	544	407	8924	[]	[]	https://twitter.com/elonmusk/status/1400669726322302976	False	0	0								[{'screen_name': 'ErcXspace', 'name': 'Erc X', 'id': '1258538731054739456'}, {'screen_name': 'SpaceX', 'name': 'SpaceX', 'id': '34743251'}]				
1400669324457693186	1400664906718982147	2021-06-04 12:22:44 CST	2021-06-04	12:22:44	+0800	44196397	elonmusk	Elon Musk		@CryptoWhale Great thread ü§£	en	[]	[]	[]	1060	993	11457	[]	[]	https://twitter.com/elonmusk/status/1400669324457693186	False	0	0								[{'screen_name': 'CryptoWhale', 'name': 'Mr. Whale', 'id': '234638601'}]				
1400663054367571968	1400620080090730501	2021-06-04 11:57:49 CST	2021-06-04	11:57:49	+0800	44196397	elonmusk	Elon Musk		@BillyM2k  https://t.co/p0DkFkWHfV	und	[]	[]	['https://pbs.twimg.com/media/E3AnoAEWQAEC0l_.jpg']	2521	7968	49344	[]	[]	https://twitter.com/elonmusk/status/1400663054367571968	False	0	1	https://pbs.twimg.com/media/E3AnoAEWQAEC0l_.jpg							[]				
1400661416235917313	1400474909051080705	2021-06-04 11:51:19 CST	2021-06-04	11:51:19	+0800	44196397	elonmusk	Elon Musk		@archillect üî•üî•	und	[]	[]	[]	748	1135	49619	[]	[]	https://twitter.com/elonmusk/status/1400661416235917313	False	0	0								[{'screen_name': 'archillect', 'name': 'Archillect', 'id': '2907774137'}]				
1400660008732348419	1400532828127776771	2021-06-04 11:45:43 CST	2021-06-04	11:45:43	+0800	44196397	elonmusk	Elon Musk		@coinbase Nice	en	[]	[]	[]	2140	3700	28753	[]	[]	https://twitter.com/elonmusk/status/1400660008732348419	False	0	0								[{'screen_name': 'coinbase', 'name': 'Coinbase', 'id': '574032254'}]				
1400654905149476865	1400654905149476865	2021-06-04 11:25:26 CST	2021-06-04	11:25:26	+0800	44196397	elonmusk	Elon Musk		Canada USA Mexico	es	[]	[]	[]	39243	26915	304973	[]	[]	https://twitter.com/elonmusk/status/1400654905149476865	False	0	0								[]				
1400645833150840835	1400620080090730501	2021-06-04 10:49:24 CST	2021-06-04	10:49:24	+0800	44196397	elonmusk	Elon Musk		 https://t.co/MLhu6oOwgc	und	[]	[]	['https://pbs.twimg.com/media/E3AX9irWQAI77cW.jpg']	16850	19339	173745	[]	[]	https://twitter.com/elonmusk/status/1400645833150840835	False	0	1	https://pbs.twimg.com/media/E3AX9irWQAI77cW.jpg							[]				
1400632134805639169	1400620080090730501	2021-06-04 09:54:58 CST	2021-06-04	09:54:58	+0800	44196397	elonmusk	Elon Musk		@JRNYcrypto Needs laser eyes too	en	[]	[]	[]	1533	959	10048	[]	[]	https://twitter.com/elonmusk/status/1400632134805639169	False	0	0								[{'screen_name': 'JRNYcrypto', 'name': 'JRNY Crypto', 'id': '952087880918228992'}]				
1400622483989008384	1400620080090730501	2021-06-04 09:16:37 CST	2021-06-04	09:16:37	+0800	44196397	elonmusk	Elon Musk		@JRNYcrypto ü§£ü§£	und	[]	[]	[]	2162	819	18063	[]	[]	https://twitter.com/elonmusk/status/1400622483989008384	False	0	0								[{'screen_name': 'JRNYcrypto', 'name': 'JRNY Crypto', 'id': '952087880918228992'}]				
1400620080090730501	1400620080090730501	2021-06-04 09:07:04 CST	2021-06-04	09:07:04	+0800	44196397	elonmusk	Elon Musk		#Bitcoin üíî  https://t.co/lNnEfMdtJf	und	[]	[]	['https://pbs.twimg.com/media/E3AAif9WEAAcGuD.jpg']	59473	22789	215519	['bitcoin']	[]	https://twitter.com/elonmusk/status/1400620080090730501	False	0	1	https://pbs.twimg.com/media/E3AAif9WEAAcGuD.jpg							[]				
1400554779512868866	1400553374785835008	2021-06-04 04:47:35 CST	2021-06-04	04:47:35	+0800	44196397	elonmusk	Elon Musk		@engineers_feed ü§£ü§£	und	[]	[]	[]	1003	828	19944	[]	[]	https://twitter.com/elonmusk/status/1400554779512868866	False	0	0								[{'screen_name': 'engineers_feed', 'name': 'World of Engineering', 'id': '3429950987'}]				
1400505535103913987	1400505535103913987	2021-06-04 01:31:54 CST	2021-06-04	01:31:54	+0800	44196397	elonmusk	Elon Musk		RT @SpaceX: Webcast of Falcon 9 launch of Dragon is now live ‚Üí  https://t.co/bJFjLCzWdK  https://t.co/DqmJojsOMO	en	[{'screen_name': 'spacex', 'name': 'spacex', 'id': '34743251'}]	['http://spacex.com/launches', 'https://twitter.com/i/broadcasts/1RDGlPQRqPlGL']	[]	0	4389	0	[]	[]	https://twitter.com/elonmusk/status/1400505535103913987	True	0	0					34743251	Webcast of Falcon 9 launch of Dragon is now live ‚Üí https://t.co/bJFjLCzWdK https://t.co/DqmJojsOMO	1400497579440304130	[]	2021-06-04 01:00:17 CST			
1400344006362554369	1400343605357645826	2021-06-03 14:50:02 CST	2021-06-03	14:50:02	+0800	44196397	elonmusk	Elon Musk		@WholeMarsBlog ü§£	und	[]	[]	[]	1518	1034	28282	[]	[]	https://twitter.com/elonmusk/status/1400344006362554369	False	0	0								[{'screen_name': 'WholeMarsBlog', 'name': 'Whole Mars Catalog', 'id': '1263491240336769026'}]				
1400343462701064193	1400343462701064193	2021-06-03 14:47:53 CST	2021-06-03	14:47:53	+0800	44196397	elonmusk	Elon Musk		RT @SpaceX: Falcon 9 and Dragon went vertical on the pad last night ahead of tomorrow‚Äôs launch ‚Üí  https://t.co/bJFjLCzWdK  https://t.co/8KDby‚Ä¶	en	[{'screen_name': 'spacex', 'name': 'spacex', 'id': '34743251'}]	['http://spacex.com/launches']	[]	0	4421	0	[]	[]	https://twitter.com/elonmusk/status/1400343462701064193	True	0	0					34743251	Falcon 9 and Dragon went vertical on the pad last night ahead of tomorrow‚Äôs launch ‚Üí https://t.co/bJFjLCzWdK https://t.co/8KDbygzLxK	1400136179840737281	[]	2021-06-03 01:04:13 CST			
1400280891822415877	1400280891822415877	2021-06-03 10:39:15 CST	2021-06-03	10:39:15	+0800	44196397	elonmusk	Elon Musk		RT @SpaceX: Beginning early next year, SpaceX will carry four @Axiom_Space crews to and from the @space_station ‚Üí  https://t.co/yq6mryOFeS h‚Ä¶	en	[{'screen_name': 'spacex', 'name': 'spacex', 'id': '34743251'}, {'screen_name': 'axiom_space', 'name': 'axiom space', 'id': '774314646362783744'}, {'screen_name': 'space_station', 'name': 'international space station', 'id': '1451773004'}]	['http://spacex.com/updates/axiom-announcement/index.html']	[]	0	3785	0	[]	[]	https://twitter.com/elonmusk/status/1400280891822415877	True	0	0					34743251	Beginning early next year, SpaceX will carry four @Axiom_Space crews to and from the @space_station ‚Üí https://t.co/yq6mryOFeS https://t.co/uhdePTBEZf	1400109750499438595	[]	2021-06-02 23:19:11 CST			
1400262458162520069	1400034678128578560	2021-06-03 09:26:00 CST	2021-06-03	09:26:00	+0800	44196397	elonmusk	Elon Musk		@PPathole Yup	und	[]	[]	[]	849	889	28414	[]	[]	https://twitter.com/elonmusk/status/1400262458162520069	False	0	0								[{'screen_name': 'PPathole', 'name': 'Pranay Pathole', 'id': '1291945442'}]				
1400059387578814465	1399915226057773060	2021-06-02 19:59:04 CST	2021-06-02	19:59:04	+0800	44196397	elonmusk	Elon Musk		@teslaownersSV Thanks :) Seriously, it was so insane! Fud still happening a little, but doesn‚Äôt resonate when enough people have the product.	en	[]	[]	[]	807	868	10321	[]	[]	https://twitter.com/elonmusk/status/1400059387578814465	False	0	0								[{'screen_name': 'teslaownersSV', 'name': 'Tesla Owners of Silicon Valley', 'id': '1016059981907386368'}]				
1400057868867485700	1399781187141476356	2021-06-02 19:53:02 CST	2021-06-02	19:53:02	+0800	44196397	elonmusk	Elon Musk		@28delayslater @eamokeane ü§î	und	[]	[]	[]	665	280	5560	[]	[]	https://twitter.com/elonmusk/status/1400057868867485700	False	0	0								[{'screen_name': '28delayslater', 'name': 'üê∂Earl of Frunkpuppyüê∂', 'id': '998140573008695296'}, {'screen_name': 'eamokeane', 'name': 'Eamon Keane', 'id': '176385195'}]				
1400057641330749442	1400054388744507397	2021-06-02 19:52:08 CST	2021-06-02	19:52:08	+0800	44196397	elonmusk	Elon Musk		@Neuro_Skeptic Some quarks &amp; a lepton walk into a bar ‚Ä¶	en	[]	[]	[]	287	223	3069	[]	[]	https://twitter.com/elonmusk/status/1400057641330749442	False	0	0								[{'screen_name': 'Neuro_Skeptic', 'name': 'Neuroskeptic', 'id': '316327930'}]				
1400056610609942530	1399781187141476356	2021-06-02 19:48:02 CST	2021-06-02	19:48:02	+0800	44196397	elonmusk	Elon Musk		@eamokeane Things get weird at the driver level	en	[]	[]	[]	147	118	2476	[]	[]	https://twitter.com/elonmusk/status/1400056610609942530	False	0	0								[{'screen_name': 'eamokeane', 'name': 'Eamon Keane', 'id': '176385195'}]				
1400053089273528327	1400035315566333952	2021-06-02 19:34:02 CST	2021-06-02	19:34:02	+0800	44196397	elonmusk	Elon Musk		@WholeMarsBlog That‚Äôs where we get most of our lithium. Also, whereas phone batteries make heavy use of cobalt in cathode, Tesla uses primarily nickel, which is trickier, but has better energy density (range).  Iron cathode cells are now competitive for stationary packs &amp; mid range cars.	en	[]	[]	[]	1023	1091	18644	[]	[]	https://twitter.com/elonmusk/status/1400053089273528327	False	0	0								[{'screen_name': 'WholeMarsBlog', 'name': 'Whole Mars Catalog', 'id': '1263491240336769026'}]				
1400028744258097152	1399697561963872260	2021-06-02 17:57:18 CST	2021-06-02	17:57:18	+0800	44196397	elonmusk	Elon Musk		@Teslarati @ResidentSponge  https://t.co/porMpnWtuk	und	[]	[]	['https://pbs.twimg.com/media/E23muL9WUAQFzB-.jpg']	847	1017	17606	[]	[]	https://twitter.com/elonmusk/status/1400028744258097152	False	0	1	https://pbs.twimg.com/media/E23muL9WUAQFzB-.jpg							[{'screen_name': 'Teslarati', 'name': 'TESLARATI', 'id': '1308211178'}]				
1400027301253988353	1399915226057773060	2021-06-02 17:51:34 CST	2021-06-02	17:51:34	+0800	44196397	elonmusk	Elon Musk		@teslaownersSV We went public for $3.40/share!	en	[]	[]	[]	1002	1671	20482	[]	[]	https://twitter.com/elonmusk/status/1400027301253988353	False	0	0								[{'screen_name': 'teslaownersSV', 'name': 'Tesla Owners of Silicon Valley', 'id': '1016059981907386368'}]				
1400008467822399490	1399777444987498507	2021-06-02 16:36:44 CST	2021-06-02	16:36:44	+0800	44196397	elonmusk	Elon Musk		@PPathole @SpaceX Science-fiction should not be fiction forever!	en	[]	[]	[]	1104	2577	27208	[]	[]	https://twitter.com/elonmusk/status/1400008467822399490	False	0	0								[{'screen_name': 'PPathole', 'name': 'Pranay Pathole', 'id': '1291945442'}, {'screen_name': 'SpaceX', 'name': 'SpaceX', 'id': '34743251'}]				
1399999790415585280	1399867486351228931	2021-06-02 16:02:15 CST	2021-06-02	16:02:15	+0800	44196397	elonmusk	Elon Musk		@ErcXspace @austinbarnard45 @SpaceX @NASASpaceflight Might take a few kicks at the can before we catch the rocket haha	en	[]	[]	[]	400	433	7908	[]	[]	https://twitter.com/elonmusk/status/1399999790415585280	False	0	0								[{'screen_name': 'ErcXspace', 'name': 'Erc X', 'id': '1258538731054739456'}, {'screen_name': 'austinbarnard45', 'name': 'Austin Barnard', 'id': '468706269'}, {'screen_name': 'SpaceX', 'name': 'SpaceX', 'id': '34743251'}, {'screen_name': 'NASASpaceflight', 'name': 'Chris B - NSF', 'id': '21292523'}]				
1399999219218501633	1399933609268502533	2021-06-02 15:59:59 CST	2021-06-02	15:59:59	+0800	44196397	elonmusk	Elon Musk		@p_ferragu Our biggest challenge is supply chain, especially microcontroller chips. Never seen anything like it.   Fear of running out is causing every company to overorder ‚Äì like the toilet paper shortage, but at epic scale.  That said, it‚Äôs obv not a long-term issue.	en	[]	[]	[]	471	685	8572	[]	[]	https://twitter.com/elonmusk/status/1399999219218501633	False	0	0								[{'screen_name': 'p_ferragu', 'name': 'Pierre Ferragu', 'id': '981179219207213057'}]				
1399985389725753346	1399985389725753346	2021-06-02 15:05:02 CST	2021-06-02	15:05:02	+0800	44196397	elonmusk	Elon Musk		Found this pic of me as a child  https://t.co/hUEKluRAdP	en	[]	[]	['https://pbs.twimg.com/media/E22_SpHWEAMCI6H.jpg']	33899	40671	365569	[]	[]	https://twitter.com/elonmusk/status/1399985389725753346	False	0	1	https://pbs.twimg.com/media/E22_SpHWEAMCI6H.jpg							[]				
1399941806058622982	1399923813756944387	2021-06-02 12:11:50 CST	2021-06-02	12:11:50	+0800	44196397	elonmusk	Elon Musk		@Teslarati @Writer_01001101 Sigh	en	[]	[]	[]	1423	1232	30829	[]	[]	https://twitter.com/elonmusk/status/1399941806058622982	False	0	0								[{'screen_name': 'Teslarati', 'name': 'TESLARATI', 'id': '1308211178'}, {'screen_name': 'Writer_01001101', 'name': 'Maria Merano', 'id': '1340818480925294592'}]				
1399877001398439939	1399777140728606722	2021-06-02 07:54:20 CST	2021-06-02	07:54:20	+0800	44196397	elonmusk	Elon Musk		@dogeofficialceo @SouthPark When I visit Japan later this year	en	[]	[]	[]	1272	1859	12926	[]	[]	https://twitter.com/elonmusk/status/1399877001398439939	False	0	0								[{'screen_name': 'dogeofficialceo', 'name': 'Sir Doge of the Coin üê∂', 'id': '1355945100216573952'}, {'screen_name': 'SouthPark', 'name': 'South Park', 'id': '23504870'}]				
1399874980062633985	1399777140728606722	2021-06-02 07:46:18 CST	2021-06-02	07:46:18	+0800	44196397	elonmusk	Elon Musk		@SouthPark Baby Shark crushes all! More views than humans.  https://t.co/48Ol3ZzhjP	en	[]	['https://m.youtube.com/watch?v=XqZsoesa55w']	[]	1001	916	9551	[]	[]	https://twitter.com/elonmusk/status/1399874980062633985	False	0	0								[{'screen_name': 'SouthPark', 'name': 'South Park', 'id': '23504870'}]				
1399870383063437313	1399825543017684999	2021-06-02 07:28:02 CST	2021-06-02	07:28:02	+0800	44196397	elonmusk	Elon Musk		@CoinDesk @CoinbasePro @nikhileshde ‚Ä¶	und	[]	[]	[]	2109	7896	31627	[]	[]	https://twitter.com/elonmusk/status/1399870383063437313	False	https://twitter.com/elonmusk/status/1284291528328790016	0								[{'screen_name': 'CoinDesk', 'name': 'CoinDesk', 'id': '1333467482'}, {'screen_name': 'CoinbasePro', 'name': 'Coinbase Pro', 'id': '720487892670410753'}, {'screen_name': 'nikhileshde', 'name': 'Nikhilesh De', 'id': '69614360'}]				
1399869340162400256	1399869340162400256	2021-06-02 07:23:53 CST	2021-06-02	07:23:53	+0800	44196397	elonmusk	Elon Musk		RT @SpaceX: Falcon 9 and Dragon roll out to Launch Complex 39A ahead of Dragon's 22nd cargo resupply mission to the @Space_Station  https://‚Ä¶	en	[{'screen_name': 'spacex', 'name': 'spacex', 'id': '34743251'}, {'screen_name': 'space_station', 'name': 'international space station', 'id': '1451773004'}]	[]	[]	0	5642	0	[]	[]	https://twitter.com/elonmusk/status/1399869340162400256	True	0	0					34743251	Falcon 9 and Dragon roll out to Launch Complex 39A ahead of Dragon's 22nd cargo resupply mission to the @Space_Station https://t.co/5svIeVrcZM	1399738312282148871	[]	2021-06-01 22:43:14 CST			
1399606540630466564	1399423621475422208	2021-06-01 13:59:37 CST	2021-06-01	13:59:37	+0800	44196397	elonmusk	Elon Musk		@itsALLrisky Sounds kinda fun	en	[]	[]	[]	1330	3272	23676	[]	[]	https://twitter.com/elonmusk/status/1399606540630466564	False	0	0								[{'screen_name': 'itsALLrisky', 'name': 'üí∏üí∏üí∏', 'id': '1061349266545885185'}]				
1399606105899253763	1399535761641414657	2021-06-01 13:57:53 CST	2021-06-01	13:57:53	+0800	44196397	elonmusk	Elon Musk		@ValaAfshar OG Smartwatch	pl	[]	[]	[]	910	1663	56992	[]	[]	https://twitter.com/elonmusk/status/1399606105899253763	False	0	0								[{'screen_name': 'ValaAfshar', 'name': 'Vala Afshar', 'id': '259725229'}]				
1399602861647007748	1399555549121875968	2021-06-01 13:45:00 CST	2021-06-01	13:45:00	+0800	44196397	elonmusk	Elon Musk		@WorldofTesla1 Yeah, new Model S &amp; X have PS5 level entertainment computing power	en	[]	[]	[]	1098	1941	24603	[]	[]	https://twitter.com/elonmusk/status/1399602861647007748	False	0	0								[{'screen_name': 'WorldofTesla1', 'name': 'The World Of Tesla', 'id': '1259247563615670275'}]				
1399602277002919937	1399472395954626565	2021-06-01 13:42:40 CST	2021-06-01	13:42:40	+0800	44196397	elonmusk	Elon Musk		@DocumentingBTC Nice	en	[]	[]	[]	355	525	8742	[]	[]	https://twitter.com/elonmusk/status/1399602277002919937	False	0	0								[{'screen_name': 'DocumentingBTC', 'name': 'Documenting Bitcoin üìÑ', 'id': '1337780902680809474'}]				
1399494403450982401	1399238250720464899	2021-06-01 06:34:01 CST	2021-06-01	06:34:01	+0800	44196397	elonmusk	Elon Musk		@jeremyjudkins @Ryanth3nerd @Tesla Agreed	en	[]	[]	[]	262	180	3932	[]	[]	https://twitter.com/elonmusk/status/1399494403450982401	False	0	0								[{'screen_name': 'jeremyjudkins', 'name': 'Jeremy Judkins', 'id': '84890791'}, {'screen_name': 'Ryanth3nerd', 'name': 'Ryanüëª', 'id': '2604365504'}, {'screen_name': 'Tesla', 'name': 'Tesla', 'id': '13298072'}]				
1399493969839640582	1399340525145276417	2021-06-01 06:32:18 CST	2021-06-01	06:32:18	+0800	44196397	elonmusk	Elon Musk		@Model3Owners Making this work has been / still is super difficult, but it‚Äôs a revolution in car body design &amp; production ‚Äì lighter, tighter, better NVH, higher precision, lower capex, lower unit cost	en	[]	[]	[]	961	1429	25499	[]	[]	https://twitter.com/elonmusk/status/1399493969839640582	False	0	0								[{'screen_name': 'Model3Owners', 'name': '‚ö°Ô∏èTesla Owners Online', 'id': '704835627183788032'}]				
1399492488612691973	1399238250720464899	2021-06-01 06:26:25 CST	2021-06-01	06:26:25	+0800	44196397	elonmusk	Elon Musk		@Ryanth3nerd @Tesla Moving lumbar was removed only in front passenger seat of 3/Y (obv not there in rear seats). Logs showed almost no usage. Not worth cost/mass for everyone when almost never used.  Prices increasing due to major supply chain price pressure industry-wide. Raw materials especially.	en	[]	[]	[]	688	370	5248	[]	[]	https://twitter.com/elonmusk/status/1399492488612691973	False	0	0								[{'screen_name': 'Ryanth3nerd', 'name': 'Ryanüëª', 'id': '2604365504'}, {'screen_name': 'Tesla', 'name': 'Tesla', 'id': '13298072'}]				
1399221133711446018	1399146737483321344	2021-05-31 12:28:09 CST	2021-05-31	12:28:09	+0800	44196397	elonmusk	Elon Musk		@ErcXspace @SpaceX @NASASpaceflight @MarcusHouse Pretty close. Inner ring is closer to center 3, as all 12 gimbal together. Boost back burn efficiency is greatly improved in this config.	en	[]	[]	[]	672	914	19289	[]	[]	https://twitter.com/elonmusk/status/1399221133711446018	False	0	0								[{'screen_name': 'ErcXspace', 'name': 'Erc X', 'id': '1258538731054739456'}, {'screen_name': 'SpaceX', 'name': 'SpaceX', 'id': '34743251'}, {'screen_name': 'NASASpaceflight', 'name': 'Chris B - NSF', 'id': '21292523'}, {'screen_name': 'MarcusHouse', 'name': 'Marcus House', 'id': '718325771392172033'}]				
1399114511202852871	1399100316012875777	2021-05-31 05:24:28 CST	2021-05-31	05:24:28	+0800	44196397	elonmusk	Elon Musk		@hiddin2urleft @greg16676935420 @blockfolio @BillyM2k @itsALLrisky @GloryDoge @DogecoinRise @ItsDogeCoin @DogeEducation @Investments_CEO ü§£ü§£	und	[]	[]	[]	1429	2176	38301	[]	[]	https://twitter.com/elonmusk/status/1399114511202852871	False	0	0								[{'screen_name': 'hiddin2urleft', 'name': 'r/dogecoin', 'id': '1291985029'}, {'screen_name': 'greg16676935420', 'name': 'greg', 'id': '1356434353623093249'}, {'screen_name': 'blockfolio', 'name': 'Blockfolio', 'id': '3983151149'}, {'screen_name': 'BillyM2k', 'name': 'Shibetoshi Nakamoto', 'id': '30699048'}, {'screen_name': 'itsALLrisky', 'name': 'üí∏üí∏üí∏', 'id': '1061349266545885185'}, {'screen_name': 'GloryDoge', 'name': 'The√êogeGlory', 'id': '1362137952470462469'}, {'screen_name': 'DogecoinRise', 'name': 'Dogecoin Rise üêï\U0001fa99üìàüöÄüåï', 'id': '1345576584204353543'}, {'screen_name': 'ItsDogeCoin', 'name': 'DogeCoin Movement üöÄ', 'id': '83202218'}, {'screen_name': 'DogeEducation', 'name': 'Doge Education', 'id': '527921841'}, {'screen_name': 'Investments_CEO', 'name': 'Dogecoin', 'id': '1362987750312599552'}]				
1399088815705399305	1399088815705399305	2021-05-31 03:42:22 CST	2021-05-31	03:42:22	+0800	44196397	elonmusk	Elon Musk		Ocean spaceport Deimos is under construction for launch next year	en	[]	[]	[]	10370	12027	130514	[]	[]	https://twitter.com/elonmusk/status/1399088815705399305	False	https://twitter.com/Kendall_Dirks/status/1398640498223587334	0								[]				
1399088337206525952	1399088337206525952	2021-05-31 03:40:28 CST	2021-05-31	03:40:28	+0800	44196397	elonmusk	Elon Musk		RT @SpaceX: One year ago today, SpaceX launched its first human spaceflight mission with @NASA astronauts @AstroBehnken and @Astro_Doug on‚Ä¶	en	[{'screen_name': 'spacex', 'name': 'spacex', 'id': '34743251'}, {'screen_name': 'nasa', 'name': 'nasa', 'id': '11348282'}, {'screen_name': 'astrobehnken', 'name': 'bob behnken', 'id': '2543629379'}, {'screen_name': 'astro_doug', 'name': 'col. doug hurley', 'id': '275710913'}]	[]	[]	0	3482	0	[]	[]	https://twitter.com/elonmusk/status/1399088337206525952	True	0	0					34743251	One year ago today, SpaceX launched its first human spaceflight mission with @NASA astronauts @AstroBehnken and @Astro_Doug on board https://t.co/XcbfFx4qce	1398988673182363651	[]	2021-05-30 21:04:26 CST			
1399051334339465224	1399018475968815106	2021-05-31 01:13:25 CST	2021-05-31	01:13:25	+0800	44196397	elonmusk	Elon Musk		@RenataKonkoly @Tesmanian_com Sehnsucht	de	[]	[]	[]	502	267	4607	[]	[]	https://twitter.com/elonmusk/status/1399051334339465224	False	0	0								[{'screen_name': 'RenataKonkoly', 'name': 'Renata Konkoly üê¢ü¶î', 'id': '372959979'}, {'screen_name': 'Tesmanian_com', 'name': 'Tesmanian.com', 'id': '1100520274200416256'}]				
1399047159467679752	1399018475968815106	2021-05-31 00:56:50 CST	2021-05-31	00:56:50	+0800	44196397	elonmusk	Elon Musk		@Tesmanian_com Danke!!	de	[]	[]	[]	925	690	19046	[]	[]	https://twitter.com/elonmusk/status/1399047159467679752	False	0	0								[{'screen_name': 'Tesmanian_com', 'name': 'Tesmanian.com', 'id': '1100520274200416256'}]				
1398879075133886466	1398756801881989122	2021-05-30 13:48:56 CST	2021-05-30	13:48:56	+0800	44196397	elonmusk	Elon Musk		@PPathole @nextspaceflight @NASASpaceflight @BocaChicaGal @SpaceX Actually, so-called ‚Äúsecondary‚Äù structure is the hard part ‚Äì so many pipes &amp; wires.   Tall stuff &amp; small stuff are the toughest things about Starship.	en	[]	[]	[]	416	373	5669	[]	[]	https://twitter.com/elonmusk/status/1398879075133886466	False	0	0								[{'screen_name': 'PPathole', 'name': 'Pranay Pathole', 'id': '1291945442'}, {'screen_name': 'nextspaceflight', 'name': 'Michael Baylor', 'id': '3199948059'}, {'screen_name': 'NASASpaceflight', 'name': 'Chris B - NSF', 'id': '21292523'}, {'screen_name': 'BocaChicaGal', 'name': 'Mary', 'id': '1077756486997168128'}, {'screen_name': 'SpaceX', 'name': 'SpaceX', 'id': '34743251'}]				
1398813676396638209	1398524536111435778	2021-05-30 09:29:03 CST	2021-05-30	09:29:03	+0800	44196397	elonmusk	Elon Musk		@RationalEtienne @kimbal True	en	[]	[]	[]	711	650	23064	[]	[]	https://twitter.com/elonmusk/status/1398813676396638209	False	0	0								[{'screen_name': 'RationalEtienne', 'name': 'Pope of Muskanity', 'id': '2241150253'}, {'screen_name': 'kimbal', 'name': 'Kimbal Musk', 'id': '4767021'}]				
1398812401298939906	1398679456236068875	2021-05-30 09:23:59 CST	2021-05-30	09:23:59	+0800	44196397	elonmusk	Elon Musk		@UniverCurious @TechInsider 250M years is only ~6% increase in age of Earth	en	[]	[]	[]	775	753	12834	[]	[]	https://twitter.com/elonmusk/status/1398812401298939906	False	0	0								[{'screen_name': 'UniverCurious', 'name': 'Universal Curiosity', 'id': '892826509622353920'}, {'screen_name': 'TechInsider', 'name': 'Tech Insider', 'id': '3224616765'}]				
1398803577380904961	1398756801881989122	2021-05-30 08:48:56 CST	2021-05-30	08:48:56	+0800	44196397	elonmusk	Elon Musk		@Erdayastronaut @nextspaceflight @NASASpaceflight @BocaChicaGal @SpaceX Raptor production is approaching one every 48 hours	en	[]	[]	[]	658	1176	15446	[]	[]	https://twitter.com/elonmusk/status/1398803577380904961	False	0	0								[{'screen_name': 'Erdayastronaut', 'name': 'Everyday Astronaut', 'id': '3167257102'}, {'screen_name': 'nextspaceflight', 'name': 'Michael Baylor', 'id': '3199948059'}, {'screen_name': 'NASASpaceflight', 'name': 'Chris B - NSF', 'id': '21292523'}, {'screen_name': 'BocaChicaGal', 'name': 'Mary', 'id': '1077756486997168128'}, {'screen_name': 'SpaceX', 'name': 'SpaceX', 'id': '34743251'}]				
1398761944606285828	1398756801881989122	2021-05-30 06:03:29 CST	2021-05-30	06:03:29	+0800	44196397	elonmusk	Elon Musk		@nextspaceflight @NASASpaceflight @BocaChicaGal @SpaceX 29 Raptors on Booster initially, rising to 32 later this year, along with thrust increase per engine. Aiming for &gt;7500 ton thrust long-term. T/W ~1.5.	en	[]	[]	[]	334	728	7916	[]	[]	https://twitter.com/elonmusk/status/1398761944606285828	False	0	0								[{'screen_name': 'nextspaceflight', 'name': 'Michael Baylor', 'id': '3199948059'}, {'screen_name': 'NASASpaceflight', 'name': 'Chris B - NSF', 'id': '21292523'}, {'screen_name': 'BocaChicaGal', 'name': 'Mary', 'id': '1077756486997168128'}, {'screen_name': 'SpaceX', 'name': 'SpaceX', 'id': '34743251'}]				
1398723436608987140	1398641810398928901	2021-05-30 03:30:28 CST	2021-05-30	03:30:28	+0800	44196397	elonmusk	Elon Musk		@blockfolio Great idea	en	[]	[]	[]	1860	2671	37453	[]	[]	https://twitter.com/elonmusk/status/1398723436608987140	False	0	0								[{'screen_name': 'blockfolio', 'name': 'Blockfolio', 'id': '3983151149'}]				
1398518064292024320	1398517486987792386	2021-05-29 13:54:24 CST	2021-05-29	13:54:24	+0800	44196397	elonmusk	Elon Musk		@westcoastbill üî•üî•	und	[]	[]	[]	729	513	10858	[]	[]	https://twitter.com/elonmusk/status/1398518064292024320	False	0	0								[{'screen_name': 'westcoastbill', 'name': 'bill lee 21x.eth üöΩ', 'id': '692023'}]				
1398517813502005250	1398504702988390400	2021-05-29 13:53:24 CST	2021-05-29	13:53:24	+0800	44196397	elonmusk	Elon Musk		@teslaownersSV @TeslaNY Dark Helmet emotes Plaid well	en	[]	[]	[]	294	306	4837	[]	[]	https://twitter.com/elonmusk/status/1398517813502005250	False	0	0								[{'screen_name': 'teslaownersSV', 'name': 'Tesla Owners of Silicon Valley', 'id': '1016059981907386368'}, {'screen_name': 'TeslaNY', 'name': 'Tesla New York', 'id': '1374059611'}]				
1398516182827900933	1398504702988390400	2021-05-29 13:46:55 CST	2021-05-29	13:46:55	+0800	44196397	elonmusk	Elon Musk		@OwenSparks_ @TeslaNY Actually true haha	en	[]	[]	[]	184	284	5119	[]	[]	https://twitter.com/elonmusk/status/1398516182827900933	False	0	0								[{'screen_name': 'OwenSparks_', 'name': 'Owen Sparks üåé', 'id': '829829626180599808'}, {'screen_name': 'TeslaNY', 'name': 'Tesla New York', 'id': '1374059611'}]				
1398513516106203138	1398504702988390400	2021-05-29 13:36:20 CST	2021-05-29	13:36:20	+0800	44196397	elonmusk	Elon Musk		@TeslaNY Basically, our entire product roadmap is from Spaceballs ü§£ü§£	en	[]	[]	[]	298	398	3954	[]	[]	https://twitter.com/elonmusk/status/1398513516106203138	False	0	0								[{'screen_name': 'TeslaNY', 'name': 'Tesla New York', 'id': '1374059611'}]				
1398512912638091264	1398504702988390400	2021-05-29 13:33:56 CST	2021-05-29	13:33:56	+0800	44196397	elonmusk	Elon Musk		@TeslaGong Yes	und	[]	[]	[]	241	217	4651	[]	[]	https://twitter.com/elonmusk/status/1398512912638091264	False	0	0								[{'screen_name': 'TeslaGong', 'name': 'Tesla in the Gong üá¶üá∫ü¶òü§ñüöï', 'id': '1008296232261783552'}]				
1398508589069869056	1398505701496918016	2021-05-29 13:16:45 CST	2021-05-29	13:16:45	+0800	44196397	elonmusk	Elon Musk		@boringcompany Congrats Boring Company team!	en	[]	[]	[]	478	699	14771	[]	[]	https://twitter.com/elonmusk/status/1398508589069869056	False	0	0								[{'screen_name': 'boringcompany', 'name': 'The Boring Company', 'id': '859816394556284929'}]				
1398504935109636098	1398497136623247361	2021-05-29 13:02:14 CST	2021-05-29	13:02:14	+0800	44196397	elonmusk	Elon Musk		@OwenSparks_ @SHillforVegas @boringcompany @LVCVA Sick burn haha. Hopefully, next year.	en	[]	[]	[]	217	205	4349	[]	[]	https://twitter.com/elonmusk/status/1398504935109636098	False	0	0								[{'screen_name': 'OwenSparks_', 'name': 'Owen Sparks üåé', 'id': '829829626180599808'}, {'screen_name': 'SHillforVegas', 'name': 'Steve Hill', 'id': '301162741'}, {'screen_name': 'boringcompany', 'name': 'The Boring Company', 'id': '859816394556284929'}, {'screen_name': 'LVCVA', 'name': 'Vegas Means Business', 'id': '18359909'}]				
1398504702988390400	1398504702988390400	2021-05-29 13:01:18 CST	2021-05-29	13:01:18	+0800	44196397	elonmusk	Elon Musk		Model S Plaid delivery pushed to June 10. Needs one more week of tweak.  This car feels like a spaceship. Words cannot describe the limbic resonance.	en	[]	[]	[]	10803	8718	144992	[]	[]	https://twitter.com/elonmusk/status/1398504702988390400	False	0	0								[]				
1398501127113617415	1398497136623247361	2021-05-29 12:47:06 CST	2021-05-29	12:47:06	+0800	44196397	elonmusk	Elon Musk		@SHillforVegas @boringcompany @LVCVA Vegas FTW!	es	[]	[]	[]	405	464	10691	[]	[]	https://twitter.com/elonmusk/status/1398501127113617415	False	0	0								[{'screen_name': 'SHillforVegas', 'name': 'Steve Hill', 'id': '301162741'}, {'screen_name': 'boringcompany', 'name': 'The Boring Company', 'id': '859816394556284929'}, {'screen_name': 'LVCVA', 'name': 'Vegas Means Business', 'id': '18359909'}]				
1398462074423070721	1398371161331965958	2021-05-29 10:11:55 CST	2021-05-29	10:11:55	+0800	44196397	elonmusk	Elon Musk		@skorusARK Exactly. Atmospheric drag clearing out orbital debris is a major reason why we dropped altitude to ~550km.	en	[]	[]	[]	448	494	7770	[]	[]	https://twitter.com/elonmusk/status/1398462074423070721	False	0	0								[{'screen_name': 'skorusARK', 'name': 'Sam Korus', 'id': '2263437272'}]				
1398194650272444419	1398190089570701312	2021-05-28 16:29:16 CST	2021-05-28	16:29:16	+0800	44196397	elonmusk	Elon Musk		@KosukeGoto2013 I suspect that name made him strong	en	[]	[]	[]	1070	658	10973	[]	[]	https://twitter.com/elonmusk/status/1398194650272444419	False	0	0								[{'screen_name': 'KosukeGoto2013', 'name': 'È´òÊ©ã Êµ©Á•êÔºà„Åü„Åã„ÅØ„Åó „Åì„ÅÜ„Åô„ÅëÔºâTakahashi Kosuke', 'id': '1277550758'}]				
1398172089778061318	1397930724607488010	2021-05-28 14:59:37 CST	2021-05-28	14:59:37	+0800	44196397	elonmusk	Elon Musk		@blueorigin For the low, low price of ‚Ä¶ ?	en	[]	[]	[]	2368	2335	31631	[]	[]	https://twitter.com/elonmusk/status/1398172089778061318	False	0	0								[{'screen_name': 'blueorigin', 'name': 'Blue Origin', 'id': '235348644'}]				
1398141080000942082	1398123830871150600	2021-05-28 12:56:24 CST	2021-05-28	12:56:24	+0800	44196397	elonmusk	Elon Musk		 https://t.co/0YDXE4KJlP	und	[]	[]	['https://pbs.twimg.com/media/E2cx5VEXoAkiRy1.jpg']	3239	4312	101681	[]	[]	https://twitter.com/elonmusk/status/1398141080000942082	False	0	1	https://pbs.twimg.com/media/E2cx5VEXoAkiRy1.jpg							[]				
1398128808515932161	1397984028301615111	2021-05-28 12:07:38 CST	2021-05-28	12:07:38	+0800	44196397	elonmusk	Elon Musk		@TDogewhisperer @spair @itsALLrisky @mcuban ü§£ü§£	und	[]	[]	[]	785	1394	14154	[]	[]	https://twitter.com/elonmusk/status/1398128808515932161	False	0	0								[{'screen_name': 'TDogewhisperer', 'name': 'Doge Whisperer üêï', 'id': '1364067948437061632'}, {'screen_name': 'spair', 'name': 'Stephen Pair', 'id': '14802014'}, {'screen_name': 'itsALLrisky', 'name': 'üí∏üí∏üí∏', 'id': '1061349266545885185'}, {'screen_name': 'mcuban', 'name': 'Mark Cuban', 'id': '16228398'}]				
